user_id,conditions,final_payoff,age,attention,block_number,trial_number,p_inspection,inspection,points_right,points_left,exchange_ratio,basic_payment,trial_payoff,alternative_payoff,choice_correct,rt_choice,block_errors,final_errors,block_payoff,bonus,final_payment
5af478d820299700016d0748,high_enforcement,1240,6000,200,300,10100,18000,185,2374,2626,200000,289.9999999999989,1240,-1220,176,55.59699999999998,2400,4800,124000,248.00000000000065,538.0000000000001
5b7de8361e7bc100011dc574,no_enforcement2,283,11200,200,300,10100,0,0,2374,2626,200000,289.9999999999989,283,317,185,11.352999999999998,1500,3000,28300,56.600000000000165,346.6000000000006
5d94aee42efd5f0017023e9e,no_enforcement2,278,3600,200,300,10100,0,0,2626,2374,200000,289.9999999999989,278,322,188,42.72300000000003,1200,2400,27800,55.59999999999984,345.60000000000093
5df2476e398bb6146cb2c8e1,low_enforcement,1190,5800,200,300,10100,2000,17,2626,2374,200000,289.9999999999989,1190,-770,180,30.622000000000014,2000,4000,119000,237.99999999999963,527.999999999998
5e793c9d572cea50199853e7,low_enforcement,1550,4600,200,300,10100,2000,23,2374,2626,200000,289.9999999999989,1550,-1850,188,6.351999999999992,1200,2400,155000,310.00000000000114,600.0
5ec29601269fcc072b89c5c8,high_enforcement,1448,4000,0,300,10100,18000,182,2626,2374,200000,289.9999999999989,1448,-1388,172,17.413000000000007,2800,5600,144800,289.5999999999999,579.6000000000025
